{
    "results": [
      {
        "providerId": "668d4432211a65d88600fb82",
        "providerName": "8:00 PM",
        "session": "Open",
        "resultDate": "12/30/2024",
        "winningDigit": "330",
        "winningDigitFamily": 6 ,
        "createdAt": "2025-01-01T10:00:00Z",
        "status": 1
      },
      {
        "providerId": "668d4432211a65d88600fb82",
        "providerName": "8:00 PM",
        "session": "Open",
        "resultDate": "12/31/2024",
        "winningDigit": "780",
        "winningDigitFamily": 5 ,
        "createdAt": "2025-01-02T10:00:00Z",
        "status": 1
      },
      {
        "providerId": "668d4432211a65d88600fb82",
        "providerName": "8:00 PM",
        "session": "Open",
        "resultDate": "01/01/2025",
        "winningDigit": "268",
        "winningDigitFamily":6 ,
        "createdAt": "2025-01-01T10:00:00Z",
        "status": 1
      },
      {
        "providerId": "668d4432211a65d88600fb82",
        "providerName": "8:00 PM",
        "session": "Open",
        "resultDate": "01/02/2025",
        "winningDigit": "356",
        "winningDigitFamily": 4 ,
        "createdAt": "2025-01-02T10:00:00Z",
        "status": 1
      },
      {
        "providerId": "668d4432211a65d88600fb82",
        "providerName": "8:00 PM",
        "session": "Open",
        "resultDate": "01/03/2025",
        "winningDigit": "580",
        "winningDigitFamily": 3 ,
        "createdAt": "2025-01-03T10:00:00Z",
        "status": 1
      },
      {
        "providerId": "668d4432211a65d88600fb82",
        "providerName": "8:00 PM",
        "session": "Open",
        "resultDate": "01/04/2025",
        "winningDigit": "168",
        "winningDigitFamily": 5 ,
        "createdAt": "2025-01-04T10:00:00Z",
        "status": 1
      },
      {
        "providerId": "668d4432211a65d88600fb82",
        "providerName": "8:00 PM",
        "session": "Open",
        "resultDate": "01/05/2025",
        "winningDigit": "357",
        "winningDigitFamily": 5 ,
        "createdAt": "2025-01-05T10:00:00Z",
        "status": 1
      },
  
      {
        "providerId": "668d4432211a65d88600fb82",
        "providerName": "8:00 PM",
        "session": "Open",
        "resultDate": "01/06/2025",
        "winningDigit": "457",
        "winningDigitFamily": 6 ,
        "createdAt": "2025-01-06T10:00:00Z",
        "status": 1
      },
      {
        "providerId": "668d4432211a65d88600fb82",
        "providerName": "8:00 PM",
        "session": "Open",
        "resultDate": "01/07/2025",
        "winningDigit": "124",
        "winningDigitFamily": 7,
        "createdAt": "2025-01-07T10:00:00Z",
        "status": 1
      },
      {
        "providerId": "668d4432211a65d88600fb82",
        "providerName": "8:00 PM",
        "session": "Open",
        "resultDate": "01/08/2025",
        "winningDigit": "780",
        "winningDigitFamily": 5 ,
        "createdAt": "2025-01-08T10:00:00Z",
        "status": 1
      },
      {
        "providerId": "668d4432211a65d88600fb82",
        "providerName": "8:00 PM",
        "session": "Open",
        "resultDate": "01/09/2025",
        "winningDigit": "360",
        "winningDigitFamily": 9 ,
        "createdAt": "2025-01-09T10:00:00Z",
        "status": 1
      },
      {
        "providerId": "668d4432211a65d88600fb82",
        "providerName": "8:00 PM",
        "session": "Open",
        "resultDate": "01/10/2025",
        "winningDigit": "169",
        "winningDigitFamily": 6,
        "createdAt": "2025-01-10T10:00:00Z",
        "status": 1
      },
      {
        "providerId": "668d4432211a65d88600fb82",
        "providerName": "8:00 PM",
        "session": "Open",
        "resultDate": "01/11/2025",
        "winningDigit": "367",
        "winningDigitFamily": 6 ,
        "createdAt": "2025-01-11T10:00:00Z",
        "status": 1
      },
      {
        "providerId": "668d4432211a65d88600fb82",
        "providerName": "8:00 PM",
        "session": "Open",
        "resultDate": "01/12/2025",
        "winningDigit": "126",
        "winningDigitFamily": 9 ,
        "createdAt": "2025-01-12T10:00:00Z",
        "status": 1
      },
      {
        "providerId": "668d4432211a65d88600fb82",
        "providerName": "8:00 PM",
        "session": "Open",
        "resultDate": "01/13/2025",
        "winningDigit": "259",
        "winningDigitFamily":  6,
        "createdAt": "2025-01-13T10:00:00Z",
        "status": 1
      },
      {
        "providerId": "668d4432211a65d88600fb82",
        "providerName": "8:00 PM",
        "session": "Open",
        "resultDate": "01/14/2025",
        "winningDigit": "568",
        "winningDigitFamily": 9 ,
        "createdAt": "2025-01-14T10:00:00Z",
        "status": 1
      },
      {
        "providerId": "668d4432211a65d88600fb82",
        "providerName": "8:00 PM",
        "session": "Open",
        "resultDate": "01/15/2025",
        "winningDigit": "125",
        "winningDigitFamily": 8,
        "createdAt": "2025-01-15T10:00:00Z",
        "status": 1
      },
      {
        "providerId": "668d4432211a65d88600fb82",
        "providerName": "8:00 PM",
        "session": "Open",
        "resultDate": "01/16/2025",
        "winningDigit": "259",
        "winningDigitFamily": 6 ,
        "createdAt": "2025-01-16T10:00:00Z",
        "status": 1
      },
      {
        "providerId": "668d4432211a65d88600fb82",
        "providerName": "8:00 PM",
        "session": "Open",
        "resultDate": "01/17/2025",
        "winningDigit": "390",
        "winningDigitFamily":  2,
        "createdAt": "2025-01-17T10:00:00Z",
        "status": 1
      },
      {
        "providerId": "668d4432211a65d88600fb82",
        "providerName": "8:00 PM",
        "session": "Open",
        "resultDate": "01/18/2025",
        "winningDigit": "167",
        "winningDigitFamily": 4,
        "createdAt": "2025-01-18T10:00:00Z",
        "status": 1
      },
      {
        "providerId": "668d4432211a65d88600fb82",
        "providerName": "8:00 PM",
        "session": "Open",
        "resultDate": "01/19/2025",
        "winningDigit": "770",
        "winningDigitFamily": 4,
        "createdAt": "2025-01-19T10:00:00Z",
        "status": 1
      },
      {
        "providerId": "668d4432211a65d88600fb82",
        "providerName": "8:00 PM",
        "session": "Open",
        "resultDate": "01/20/2025",
        "winningDigit": "189",
        "winningDigitFamily": 8 ,
        "createdAt": "2025-01-18T10:00:00Z",
        "status": 1
      },
      {
        "providerId": "668d4432211a65d88600fb82",
        "providerName": "8:00 PM",
        "session": "Open",
        "resultDate": "01/21/2025",
        "winningDigit": "147",
        "winningDigitFamily": 2 ,
        "createdAt": "2025-01-18T10:00:00Z",
        "status": 1
      },
      {
        "providerId": "668d4432211a65d88600fb82",
        "providerName": "8:00 PM",
        "session": "Open",
        "resultDate": "01/22/2025",
        "winningDigit": "223",
        "winningDigitFamily": 7 ,
        "createdAt": "2025-01-19T10:00:00Z",
        "status": 1
      }
    ]
  }
  